"","beer_name","style","abv","ibu","ounces","brewery_name","city","state"
"1","Get Together","American IPA",0.045,50,16,"NorthGate Brewing ","Minneapolis"," MN"
"2","Pile of Face","American IPA",0.06,65,16,"Against the Grain Brewery","Louisville"," KY"
"3","Rico Sauvin","American Double",0.076,68,16,"Against the Grain Brewery","Louisville"," KY"
"4","Citra Ass Down","American Double",0.08,68,16,"Against the Grain Brewery","Louisville"," KY"
"5","Habitus (2014)","American Double",0.08,100,16,"Mike Hess Brewing Company","San Diego"," CA"
"6","Solis","American IPA",0.075,85,16,"Mike Hess Brewing Company","San Diego"," CA"
"7","Habitus","American Double",0.08,100,16,"Mike Hess Brewing Company","San Diego"," CA"
"8","Westfalia","American Amber",0.056,16,12,"Fort Point Beer Company","San Francisco"," CA"
"9","Villager","American IPA",0.063,42,12,"Fort Point Beer Company","San Francisco"," CA"
"10","North 45 Amber Ale","American Amber",0.059,25,16,"Petoskey Brewing","Petoskey"," MI"
"11","Mind's Eye PA","American IPA",0.067,74,16,"Petoskey Brewing","Petoskey"," MI"
"12","51K IPA","American IPA",0.07,51,12,"Blackrocks Brewery","Marquette"," MI"
"13","Nordskye ","American IPA",0.048,47,12,"Blackrocks Brewery","Marquette"," MI"
"14","Grapefruit IPA","American IPA",0.05,35,12,"Perrin Brewing Company","Comstock Park"," MI"
"15","98 Problems (Cuz A Hop Ain't One)","American IPA",0.065,65,12,"Perrin Brewing Company","Comstock Park"," MI"
"16","Train Hopper","American IPA",0.058,72,12,"Witch's Hat Brewing Company","South Lyon"," MI"
"17","Centennial IPA","American IPA",0.072,65,12,"Founders Brewing Company","Grand Rapids"," MI"
"18","All Day IPA","American IPA",0.047,42,12,"Founders Brewing Company","Grand Rapids"," MI"
"19","Half Cycle IPA","American IPA",0.06,104,16,"Flat 12 Bierwerks","Indianapolis"," IN"
"20","Alloy","American IPA",0.058,36,16,"Tin Man Brewing Company","Evansville"," IN"
"21","Overlord Imperial IPA","American Double",0.085,115,16,"Tin Man Brewing Company","Evansville"," IN"
"22","Thai.p.a","American IPA",0.07,46,16,"Bare Hands Brewery","Granger"," IN"
"23","The Gadget","American IPA",0.064,90,16,"Four Fathers Brewing ","Valparaiso"," IN"
"24","Hopkick Dropkick","American Double",0.099,115,12,"Burn 'Em Brewing","Michigan City"," IN"
"25","3:33 Black IPA","American IPA",0.072,86,16,"Burn 'Em Brewing","Michigan City"," IN"
"26","Grapefruit Jungle (GFJ)","American IPA",0.075,77,16,"Sun King Brewing Company","Indianapolis"," IN"
"27","Fistful Of Hops Red","American IPA",0.064,75,16,"Sun King Brewing Company","Indianapolis"," IN"
"28","Isis","American Double",0.091,91,16,"Sun King Brewing Company","Indianapolis"," IN"
"29","Grapefruit Jungle (GFJ) (2011)","American IPA",0.075,77,16,"Sun King Brewing Company","Indianapolis"," IN"
"30","Fistful of Hops Green","American IPA",0.064,75,16,"Sun King Brewing Company","Indianapolis"," IN"
"31","Fistful of Hops Orange","American IPA",0.063,75,16,"Sun King Brewing Company","Indianapolis"," IN"
"32","Fistful Of Hops Blue","American IPA",0.064,75,16,"Sun King Brewing Company","Indianapolis"," IN"
"33","Scarecrow","American IPA",0.069,65,16,"450 North Brewing Company","Columbus"," IN"
"34","Citrafest","American IPA",0.05,45,16,"450 North Brewing Company","Columbus"," IN"
"35","Dankosaurus","American IPA",0.068,70,16,"Cedar Creek Brewery","Seven Points"," TX"
"36","Gone A-Rye","American Double",0.085,90,16,"Cedar Creek Brewery","Seven Points"," TX"
"37","Epicenter Amber Ale","American Amber",0.055,20,12,"SanTan Brewing Company","Chandler"," AZ"
"38","Count Hopula (Vault Series)","American Double",0.091,99,16,"SanTan Brewing Company","Chandler"," AZ"
"39","Hop Shock IPA (2010)","American IPA",0.07,85,12,"SanTan Brewing Company","Chandler"," AZ"
"40","Epicenter Amber Ale (2010)","American Amber",0.055,20,12,"SanTan Brewing Company","Chandler"," AZ"
"41","Hop Shock IPA","American IPA",0.07,85,12,"SanTan Brewing Company","Chandler"," AZ"
"42","Heavy Lifting","American IPA",0.062,80,12,"Boulevard Brewing Company","Kansas City"," MO"
"43","Double Trunk","American Double",0.099,101,16,"The Dudes' Brewing Company","Torrance"," CA"
"44","Big Eye India Pale Ale","American IPA",0.07,75,12,"Ballast Point Brewing Company","San Diego"," CA"
"45","Even Keel","American IPA",0.038,40,12,"Ballast Point Brewing Company","San Diego"," CA"
"46","Sculpin IPA","American IPA",0.07,70,12,"Ballast Point Brewing Company","San Diego"," CA"
"47","Avery India Pale Ale","American IPA",0.063,69,12,"Avery Brewing Company","Boulder"," CO"
"48","Cow Creek","American Amber",0.054,26,12,"Twisted X Brewing Company","Dripping Springs"," TX"
"49","Chupahopra","American IPA",0.075,63,12,"Twisted X Brewing Company","Dripping Springs"," TX"
"50","Galaxy IPA","American IPA",0.075,60,16,"Big Muddy Brewing","Murphysboro"," IL"
"51","Jah Mon","American IPA",0.05,100,12,"Rivertowne Brewing Company","Export"," PA"
"52","Anti-Hero IPA","American IPA",0.065,70,12,"Revolution Brewing Company","Chicago"," IL"
"53","Tallgrass IPA","American IPA",0.063,60,16,"Tallgrass Brewing Company","Manhattan"," KS"
"54","Ethos IPA","American IPA",0.068,110,16,"Tallgrass Brewing Company","Manhattan"," KS"
"55","Oasis (2010)","American Double",0.072,93,16,"Tallgrass Brewing Company","Manhattan"," KS"
"56","Bengali Tiger","American IPA",0.064,62,16,"Sixpoint Craft Ales","Brooklyn"," NY"
"57","Resin","American Double",0.091,103,12,"Sixpoint Craft Ales","Brooklyn"," NY"
"58","Bengali","American IPA",0.065,62,24,"Sixpoint Craft Ales","Brooklyn"," NY"
"59","Autumnation (2013)","American IPA",0.067,74,16,"Sixpoint Craft Ales","Brooklyn"," NY"
"60","Bengali Tiger (2011)","American IPA",0.064,62,16,"Sixpoint Craft Ales","Brooklyn"," NY"
"61","Hi-Res","American Double",0.099,111,12,"Sixpoint Craft Ales","Brooklyn"," NY"
"62","Easy Jack","American IPA",0.045,47,12,"Firestone Walker Brewing Company","Paso Robles"," CA"
"63","Union Jack","American IPA",0.075,75,12,"Firestone Walker Brewing Company","Paso Robles"," CA"
"64","Flying Mouse 4","American IPA",0.07,70,12,"Flying Mouse Brewery","Troutville"," VA"
"65","Upslope Imperial India Pale Ale","American Double",0.099,90,20,"Upslope Brewing Company","Boulder"," CO"
"66","Vertex IPA","American IPA",0.063,76,12,"Destihl Brewery","Bloomington"," IL"
"67","Hoperation Overload","American Double",0.096,85,12,"Destihl Brewery","Bloomington"," IL"
"68","Unchained #18 Hop Silo","American Double",0.083,100,16,"Summit Brewing Company","St. Paul"," MN"
"69","Furious","American IPA",0.062,99,16,"Surly Brewing Company","Brooklyn Center"," MN"
"70","Abrasive Ale","American Double",0.097,120,16,"Surly Brewing Company","Brooklyn Center"," MN"
"71","Overrated! West Coast Style IPA","American IPA",0.073,69,16,"Surly Brewing Company","Brooklyn Center"," MN"
"72","WET","American IPA",0.075,90,16,"Surly Brewing Company","Brooklyn Center"," MN"
"73","Citra Ass Down","American IPA",0.082,68,16,"Against The Grain Brewery","Louisville"," KY"
"74","Crazy Mountain Amber Ale","American Amber",0.052,25,12,"Crazy Mountain Brewing Company","Edwards"," CO"
"75","Soul Doubt","American IPA",0.059,70,12,"Freetail Brewing Company","San Antonio"," TX"
"76","Bimini Twist","American IPA",0.07,82,12,"3 Daughters Brewing","St Petersburg"," FL"
"77","Pump House IPA","American IPA",0.055,45,16,"Red Shedman Farm Brewery and Hop...","Mt. Airy"," MD"
"78","Long Leaf","American IPA",0.071,75,16,"Appalachian Mountain Brewery","Boone"," NC"
"79","Double Duckpin","American Double",0.085,90,12,"Union Craft Brewing","Baltimore"," MD"
"80","Grand Circus IPA","American IPA",0.05,62,12,"Atwater Brewery","Detroit"," MI"
"81","Hop A-Peel","American Double",0.075,115,16,"Atwater Brewery","Detroit"," MI"
"82","Wobble","American IPA",0.063,69,16,"Two Brothers Brewing Company","Warrenville"," IL"
"83","Bent Hop Golden IPA","American IPA",0.062,68,12,"Bent Paddle Brewing Company","Duluth"," MN"
"84","Harness the Winter","American IPA",0.072,87,12,"Bent Paddle Brewing Company","Duluth"," MN"
"85","Baby Daddy Session IPA","American IPA",0.047,35,12,"Speakasy Ales & Lagers","San Francisco"," CA"
"86","Bomber Mountain Amber Ale","American Amber",0.046,20,12,"Black Tooth Brewing Company","Sheridan"," WY"
"87","Rise-Up Red (2014)","American Amber",0.058,60,16,"Hopworks Urban Brewery","Portland"," OR"
"88","Rise Up Red","American Amber",0.058,60,16,"Hopworks Urban Brewery","Portland"," OR"
"89","Hopworks IPA (2012)","American IPA",0.066,75,16,"Hopworks Urban Brewery","Portland"," OR"
"90","Hopworks IPA","American IPA",0.066,75,16,"Hopworks Urban Brewery","Portland"," OR"
"91","Ranger IPA (Current)","American IPA",0.065,70,12,"New Belgium Brewing Company","Fort Collins"," CO"
"92","Ranger IPA","American IPA",0.065,70,16,"New Belgium Brewing Company","Fort Collins"," CO"
"93","Fat Tire Amber Ale (2008)","American Amber",0.052,18,12,"New Belgium Brewing Company","Fort Collins"," CO"
"94","Fat Tire Amber Ale","American Amber",0.052,18,16,"New Belgium Brewing Company","Fort Collins"," CO"
"95","Slow Ride","American IPA",0.045,40,12,"New Belgium Brewing Company","Fort Collins"," CO"
"96","Ranger IPA","American IPA",0.065,70,12,"New Belgium Brewing Company","Fort Collins"," CO"
"97","Fat Tire Amber Ale (2011)","American Amber",0.052,18,12,"New Belgium Brewing Company","Fort Collins"," CO"
"98","Fat Tire Amber Ale","American Amber",0.052,18,12,"New Belgium Brewing Company","Fort Collins"," CO"
"99","Torpedo","American IPA",0.072,65,12,"Sierra Nevada Brewing Company","Chico"," CA"
"100","Torpedo","American IPA",0.072,65,16,"Sierra Nevada Brewing Company","Chico"," CA"
"101","Captain's Daughter","American Double",0.085,69,12,"Grey Sail Brewing Company","Westerly"," RI"
"102","India Pale Ale","American IPA",0.063,65,16,"Kirkwood Station Brewing Company","Kirkwood"," MO"
"103","Psychopathy","American IPA",0.069,70,12,"Madtree Brewing Company","Cincinnati"," OH"
"104","Happy Amber","American Amber",0.06,30,12,"Madtree Brewing Company","Cincinnati"," OH"
"105","Hustle","American Amber",0.057,42,12,"Rhinegeist Brewery","Cincinnati"," OH"
"106","Dad","American Amber",0.06,60,12,"Rhinegeist Brewery","Cincinnati"," OH"
"107","Truth","American IPA",0.072,75,12,"Rhinegeist Brewery","Cincinnati"," OH"
"108","Self Starter","American IPA",0.052,67,16,"Warped Wing Brewing Company","Dayton"," OH"
"109","Nugget Nectar","American Amber",0.075,93,16,"Tröegs Brewing Company","Hershey"," PA"
"110","Perpetual IPA","American IPA",0.075,85,12,"Tröegs Brewing Company","Hershey"," PA"
"111","Mission IPA","American IPA",0.068,66,32,"Mission Brewery","San Diego"," CA"
"112","Shipwrecked Double IPA","American Double",0.092,75,32,"Mission Brewery","San Diego"," CA"
"113","Bay of Bengal Double IPA (2014)","American Double",0.089,126,12,"Christian Moerlein Brewing Company","Cincinnati"," OH"
"114","Hurricane Amber Ale (2004)","American Amber",0.052,24,12,"Coastal Extreme Brewing Company","Newport"," RI"
"115","Hurricane Amber Ale","American Amber",0.052,24,12,"Coastal Extreme Brewing Company","Newport"," RI"
"116","Newport Storm IPA","American IPA",0.065,75,12,"Coastal Extreme Brewing Company","Newport"," RI"
"117","King Street IPA","American IPA",0.06,70,12,"King Street Brewing Company","Anchorage"," AK"
"118","Back Bay IPA","American IPA",0.068,85,12,"Beer Works Brewery","Lowell"," MA"
"119","Clean Shave IPA","American IPA",0.067,70,12,"Glabrous Brewing Company","Pineland"," ME"
"120","Firestarter India Pale Ale","American IPA",0.066,72,12,"Bonfire Brewing Company","Eagle"," CO"
"121","Firestarter India Pale Ale","American IPA",0.066,72,16,"Bonfire Brewing Company","Eagle"," CO"
"122","4000 Footer IPA","American IPA",0.065,82,12,"Woodstock Inn, Station & Brewery","North Woodstock"," NH"
"123","Elevation Triple India Pale Ale","American Double",0.099,100,12,"Renegade Brewing Company","Denver"," CO"
"124","Ryeteous Rye IPA (2012)","American IPA",0.07,100,16,"Renegade Brewing Company","Denver"," CO"
"125","Redacted Rye IPA","American IPA",0.07,100,16,"Renegade Brewing Company","Denver"," CO"
"126","Blackmarket Rye IPA","American IPA",0.075,35,12,"Black Market Brewing Company","Temecula"," CA"
"127","Rule G IPA","American IPA",0.07,88,12,"Smartmouth Brewing Company","Norfolk"," VA"
"128","Murphy's Law","American Amber",0.058,35,12,"Smartmouth Brewing Company","Norfolk"," VA"
"129","Ultra Gnar Gnar IPA","American IPA",0.067,60,12,"Base Camp Brewing Co.","Portland"," OR"
"130","Yellow Wolf Imperial IPA","American Double",0.082,103,12,"Alameda Brewing","Portland"," OR"
"131","Valkyrie Double IPA","American Double",0.092,100,12,"Southern Star Brewing Company","Conroe"," TX"
"132","Red Cockaded Ale (2013)","American Double",0.085,110,12,"Southern Star Brewing Company","Conroe"," TX"
"133","PRO-AM (2012) (2012)","American Double",0.099,100,12,"Southern Star Brewing Company","Conroe"," TX"
"134","Red Cockaded Ale","American Double",0.085,110,12,"Southern Star Brewing Company","Conroe"," TX"
"135","Third Eye Pale Ale","American IPA",0.065,65,12,"Steamworks Brewing Company","Durango"," CO"
"136","Steam Engine Lager","American Amber",0.057,25,12,"Steamworks Brewing Company","Durango"," CO"
"137","IPA #11","American IPA",0.057,58,16,"Cheboygan Brewing Company","Cheboygan"," MI"
"138","Chin Music Amber Lager","American Amber",0.045,24,12,"Center of the Universe Brewing C...","Ashland"," VA"
"139","El Rojo","American Amber",0.065,25,16,"Griffin Claw Brewing Company","Birmingham"," MI"
"140","Norm's Gateway IPA","American IPA",0.04,55,12,"Griffin Claw Brewing Company","Birmingham"," MI"
"141","Hopadillo India Pale Ale","American IPA",0.066,70,12,"Karbach Brewing Company","Houston"," TX"
"142","Rodeo Clown Double IPA","American Double",0.095,85,12,"Karbach Brewing Company","Houston"," TX"
"143","Sympathy for the Lager","American Amber",0.049,45,12,"Karbach Brewing Company","Houston"," TX"
"144","The Green Room","American IPA",0.06,75,16,"Uncle Billy's Brewery and Smokeh...","Austin"," TX"
"145","Deep Ellum IPA","American IPA",0.07,70,12,"Deep Ellum Brewing Company","Dallas"," TX"
"146","Dream Crusher Double IPA","American Double",0.085,100,12,"Deep Ellum Brewing Company","Dallas"," TX"
"147","American Amber","American Amber",0.041,8,12,"Straub Brewery","St Mary's"," PA"
"148","Beyond The Pale IPA","American IPA",0.063,64,12,"Stevens Point Brewery","Stevens Point"," WI"
"149","Point Amber Classic","American Amber",0.047,14,12,"Stevens Point Brewery","Stevens Point"," WI"
"150","O’Malley’s IPA","American IPA",0.075,89,12,"Weston Brewing Company","Weston"," MO"
"151","Mississippi Fire Ant","American Amber",0.08,80,16,"Southern Prohibition Brewing Com...","Hattiesburg"," MS"
"152","Sinister Minister Black IPA","American IPA",0.077,65,16,"Southern Prohibition Brewing Com...","Hattiesburg"," MS"
"153","2014 IPA Cicada Series","American IPA",0.075,72,16,"Southern Prohibition Brewing Com...","Hattiesburg"," MS"
"154","Oklahoma Suks","American Amber",0.048,32,12,"Independence Brewing Company","Austin"," TX"
"155","Operation Homefront","American IPA",0.062,65,12,"Cigar City Brewing Company","Tampa"," FL"
"156","Tocobaga Red Ale","American Amber",0.072,75,12,"Cigar City Brewing Company","Tampa"," FL"
"157","Jai Alai IPA","American IPA",0.075,70,12,"Cigar City Brewing Company","Tampa"," FL"
"158","Dry-Hopped On The High Seas Caribbean-Style IPA","American IPA",0.07,60,12,"Cigar City Brewing Company","Tampa"," FL"
"159","Hopped on the High Seas (Hop #529)","American IPA",0.07,60,12,"Cigar City Brewing Company","Tampa"," FL"
"160","Jai Alai IPA Aged on White Oak","American IPA",0.075,70,12,"Cigar City Brewing Company","Tampa"," FL"
"161","Humidor Series India Pale Ale","American IPA",0.075,70,12,"Cigar City Brewing Company","Tampa"," FL"
"162","Hopped on the High Seas (Ahtanum)","American IPA",0.07,60,12,"Cigar City Brewing Company","Tampa"," FL"
"163","Hopped on the High Seas (Calypso)","American IPA",0.07,60,12,"Cigar City Brewing Company","Tampa"," FL"
"164","Hopped on the High Seas (Citra)","American IPA",0.07,60,12,"Cigar City Brewing Company","Tampa"," FL"
"165","Watershed IPA (2013)","American IPA",0.067,70,12,"Oakshire Brewing","Eugene"," OR"
"166","Watershed IPA","American IPA",0.067,70,12,"Oakshire Brewing","Eugene"," OR"
"167","Oakshire Amber Ale","American Amber",0.054,24,12,"Oakshire Brewing","Eugene"," OR"
"168","Perfect Tin Amber","American Amber",0.045,28,12,"Tin Roof Brewing Company","Baton Rouge"," LA"
"169","Juke Joint IPA","American IPA",0.07,60,12,"Tin Roof Brewing Company","Baton Rouge"," LA"
"170","Hoodoo Voodoo IPA","American IPA",0.062,82,12,"Three Creeks Brewing","Sisters"," OR"
"171","Caldera IPA (2007)","American IPA",0.061,94,12,"Caldera Brewing Company","Ashland"," OR"
"172","Caldera IPA","American IPA",0.061,94,12,"Caldera Brewing Company","Ashland"," OR"
"173","Ashland Amber Ale","American Amber",0.054,24,12,"Caldera Brewing Company","Ashland"," OR"
"174","Caldera IPA (2009)","American IPA",0.061,94,12,"Caldera Brewing Company","Ashland"," OR"
"175","Hopportunity Knocks IPA","American IPA",0.068,100,12,"Caldera Brewing Company","Ashland"," OR"
"176","Ashland Amber Ale (2009)","American Amber",0.054,24,12,"Caldera Brewing Company","Ashland"," OR"
"177","Camelback","American IPA",0.061,60,12,"Phoenix Ale Brewery","Phoenix"," AZ"
"178","Yard Sale Winter Lager","American Amber",0.04,22,12,"Uinta Brewing Company","Salt Lake City"," UT"
"179","Hop Nosh IPA","American IPA",0.073,83,12,"Uinta Brewing Company","Salt Lake City"," UT"
"180","Trader Session IPA","American IPA",0.04,42,12,"Uinta Brewing Company","Salt Lake City"," UT"
"181","Hop Notch IPA (2013)","American IPA",0.073,82,12,"Uinta Brewing Company","Salt Lake City"," UT"
"182","Hop Knot IPA","American IPA",0.067,47,12,"Four Peaks Brewing Company","Tempe"," AZ"
"183","Rubberneck Red","American Amber",0.05,35,16,"Martin House Brewing Company","Fort Worth"," TX"
"184","Homefront IPA","American IPA",0.06,70,12,"Sly Fox Brewing Company","Phoenixville"," PA"
"185","Great Crescent IPA (2011)","American IPA",0.062,60,16,"Great Crescent Brewery","Aurora"," IN"
"186","Great Crescent IPA","American IPA",0.062,60,16,"Great Crescent Brewery","Aurora"," IN"
"187","G'KNIGHT (12 oz.)","American Double",0.087,85,12,"Oskar Blues Brewery","Longmont"," CO"
"188","GUBNA Imperial IPA","American Double",0.099,100,12,"Oskar Blues Brewery","Longmont"," CO"
"189","One Hit Wonder","American Double",0.09,60,12,"Oskar Blues Brewery","Longmont"," CO"
"190","Gordon Ale (2009)","American Double",0.087,85,12,"Oskar Blues Brewery","Longmont"," CO"
"191","Pinner Throwback IPA","American IPA",0.049,35,12,"Oskar Blues Brewery","Longmont"," CO"
"192","Gordon Imperial Red (2010)","American Double",0.087,85,12,"Oskar Blues Brewery","Longmont"," CO"
"193","G'KNIGHT (16 oz.)","American Double",0.087,85,16,"Oskar Blues Brewery","Longmont"," CO"
"194","Country Boy IPA","American IPA",0.062,80,12,"Everybody's Brewing","White Salmon"," WA"
"195","Little Sister India Style Session Ale","American IPA",0.043,60,12,"Everybody's Brewing","White Salmon"," WA"
"196","Boont Amber Ale (2010)","American Amber",0.058,15,12,"Anderson Valley Brewing Company","Boonville"," CA"
"197","Boont Amber Ale (2011)","American Amber",0.058,15,12,"Anderson Valley Brewing Company","Boonville"," CA"
"198","Hop Ottin' IPA","American IPA",0.07,80,12,"Anderson Valley Brewing Company","Boonville"," CA"
"199","Boont Amber Ale","American Amber",0.058,15,12,"Anderson Valley Brewing Company","Boonville"," CA"
"200","Hop Ottin' IPA (2011)","American IPA",0.07,80,12,"Anderson Valley Brewing Company","Boonville"," CA"
"201","Second Fiddle","American Double",0.082,80,16,"Fiddlehead Brewing Company","Shelburne"," VT"
"202","Salamander Slam","American IPA",0.07,73,16,"Frog Level Brewing Company","Waynesville"," NC"
"203","Native Amber","American Amber",0.063,35,16,"COOP Ale Works","Oklahoma City"," OK"
"204","Native Amber (2013)","American Amber",0.063,35,16,"COOP Ale Works","Oklahoma City"," OK"
"205","F5 IPA","American IPA",0.068,100,16,"COOP Ale Works","Oklahoma City"," OK"
"206","Golden Ratio IPA","American IPA",0.07,68,16,"Seventh Son Brewing Company","Columbus"," OH"
"207","Seventh Son Hopped Red Ale","American Amber",0.077,40,16,"Seventh Son Brewing Company","Columbus"," OH"
"208","Lil' Helper","American IPA",0.07,70,12,"Mother's Brewing","Springfield"," MO"
"209","Immersion Amber","American Amber",0.052,27,12,"Two Beers Brewing Company","Seattle"," WA"
"210","Evo IPA","American IPA",0.062,70,12,"Two Beers Brewing Company","Seattle"," WA"
"211","Day Hike Session","American IPA",0.041,41,12,"Two Beers Brewing Company","Seattle"," WA"
"212","Trailhead India Style Session Ale (2011)","American IPA",0.048,48,12,"Two Beers Brewing Company","Seattle"," WA"
"213","Evolutionary IPA (2012)","American IPA",0.062,70,12,"Two Beers Brewing Company","Seattle"," WA"
"214","Evolutionary IPA (2011)","American IPA",0.062,70,12,"Two Beers Brewing Company","Seattle"," WA"
"215","Trailhead ISA","American IPA",0.048,48,12,"Two Beers Brewing Company","Seattle"," WA"
"216","Immersion Amber Ale (2011)","American Amber",0.052,27,12,"Two Beers Brewing Company","Seattle"," WA"
"217","Pako’s EyePA","American IPA",0.068,60,12,"Snake River Brewing Company","Jackson"," WY"
"218","Ghost Ship White IPA","American IPA",0.056,55,12,"Capital Brewery","Middleton"," WI"
"219","Mutiny IPA","American IPA",0.062,70,12,"Capital Brewery","Middleton"," WI"
"220","Goose Island India Pale Ale","American IPA",0.059,55,12,"Goose Island Brewery Company","Chicago"," IL"
"221","Alphadelic IPA","American IPA",0.065,90,12,"Hop Valley Brewing Company","Springfield"," OR"
"222","Proxima IPA","American IPA",0.063,70,12,"Hop Valley Brewing Company","Springfield"," OR"
"223","Alphadelic IPA (2011)","American IPA",0.065,90,12,"Hop Valley Brewing Company","Springfield"," OR"
"224","Worthy IPA (2013)","American IPA",0.069,69,12,"Worthy Brewing Company","Bend"," OR"
"225","Worthy IPA","American IPA",0.069,69,12,"Worthy Brewing Company","Bend"," OR"
"226","Lights Out Vanilla Cream Extra Stout","American Double",0.077,30,12,"Worthy Brewing Company","Bend"," OR"
"227","Loki Red Ale (2013)","American Amber",0.075,53,16,"Fearless Brewing Company","Estacada"," OR"
"228","Loki Red Ale","American Amber",0.075,53,16,"Fearless Brewing Company","Estacada"," OR"
"229","Campside Session IPA","American IPA",0.045,50,16,"Upland Brewing Company","Bloomington"," IN"
"230","Tsunami IPA","American IPA",0.072,75,12,"Mehana Brewing Co.","Hilo"," HI"
"231","Volcano Red Ale","American Amber",0.052,23,12,"Mehana Brewing Co.","Hilo"," HI"
"232","Tsunami IPA","American IPA",0.072,75,20,"Mehana Brewing Co.","Hilo"," HI"
"233","Amazon Princess IPA","American IPA",0.062,62,12,"People's Brewing Company","Lafayette"," IN"
"234","Mound Builder IPA","American IPA",0.065,77,12,"People's Brewing Company","Lafayette"," IN"
"235","Vortex IPA","American IPA",0.074,97,16,"Fort George Brewery","Astoria"," OR"
"236","Evil Owl","American Amber",0.052,40,12,"Branchline Brewing Company","San Antonio"," TX"
"237","Booming Rollers","American IPA",0.068,75,16,"Modern Times Beer","San Diego"," CA"
"238","Blazing World","American Amber",0.065,115,16,"Modern Times Beer","San Diego"," CA"
"239","City of the Sun","American IPA",0.075,85,16,"Modern Times Beer","San Diego"," CA"
"240","Aurora ","American Amber",0.067,75,16,"Modern Times Beer","San Diego"," CA"
"241","#004 Session I.P.A.","American IPA",0.048,38,12,"Wisconsin Brewing Company","Verona"," WI"
"242","#002 American I.P.A.","American IPA",0.071,60,12,"Wisconsin Brewing Company","Verona"," WI"
"243","More Cowbell","American Double",0.09,118,16,"Buffalo Bayou Brewing Company","Houston"," TX"
"244","1916 Shore Shiver","American IPA",0.069,65,12,"Forgotten Boardwalk","Cherry Hill"," NJ"
"245","Laughing Dog IPA","American IPA",0.064,66,12,"Laughing Dog Brewing Company","Ponderay"," ID"
"246","Bozone HopZone IPA","American IPA",0.07,80,12,"Bozeman Brewing Company","Bozeman"," MT"
"247","Hemlock Double IPA","American Double",0.095,104,12,"Big Choice Brewing","Broomfield"," CO"
"248","Disconnected Red","American Amber",0.067,85,16,"Big Choice Brewing","Broomfield"," CO"
"249","Arcus IPA","American IPA",0.069,81,12,"Big Storm Brewing Company","Odessa"," FL"
"250","Wavemaker","American Amber",0.058,38,12,"Big Storm Brewing Company","Odessa"," FL"
"251","Boat Beer","American IPA",0.042,35,12,"Carton Brewing Company","Atlantic Highlands"," NJ"
"252","077XX","American Double",0.078,80,16,"Carton Brewing Company","Atlantic Highlands"," NJ"
"253","Sockeye Red IPA","American IPA",0.057,70,12,"Midnight Sun Brewing Company","Anchorage"," AK"
"254","Pleasure Town IPA","American IPA",0.063,61,12,"Midnight Sun Brewing Company","Anchorage"," AK"
"255","Pleasure Town","American IPA",0.063,61,12,"Midnight Sun Brewing Company","Anchorage"," AK"
"256","Hop Stalker Fresh Hop IPA","American IPA",0.07,80,16,"Fat Head's Brewery","Middleburg Heights"," OH"
"257","On the Wings of Armageddon","American Double",0.092,115,12,"DC Brau Brewing Company","Washington"," DC"
"258","The Corruption","American IPA",0.065,80,12,"DC Brau Brewing Company","Washington"," DC"
"259","Cedar Point","American Amber",0.05,26,12,"Geneva Lake Brewing Company","Lake Geneva"," WI"
"260","No Wake IPA","American IPA",0.072,50,12,"Geneva Lake Brewing Company","Lake Geneva"," WI"
"261","Fisherman's Brew","American Amber",0.055,30,12,"Cape Ann Brewing Company","Gloucester"," MA"
"262","Dead-Eye DIPA","American Double",0.09,130,16,"Cape Ann Brewing Company","Gloucester"," MA"
"263","Fisherman's IPA","American IPA",0.055,64,12,"Cape Ann Brewing Company","Gloucester"," MA"
"264","Hop Box Imperial IPA","American Double",0.093,90,12,"Joseph James Brewing Company","Henderson"," NV"
"265","Harpoon IPA (2010)","American IPA",0.059,42,12,"Harpoon Brewery","Boston"," MA"
"266","Harpoon IPA (2012)","American IPA",0.059,42,12,"Harpoon Brewery","Boston"," MA"
"267","Harpoon IPA","American IPA",0.059,42,12,"Harpoon Brewery","Boston"," MA"
"268","Missile IPA","American IPA",0.07,65,12,"Champion Brewing Company","Charlottesville"," VA"
"269","Ananda India Pale Ale","American IPA",0.062,61,12,"Wiseacre Brewing Company","Memphis"," TN"
"270","Better Weather IPA","American IPA",0.094,92,16,"Golden Road Brewing","Los Angeles"," CA"
"271","2020 IPA","American IPA",0.074,74,16,"Golden Road Brewing","Los Angeles"," CA"
"272","Point the Way IPA","American IPA",0.059,60,12,"Golden Road Brewing","Los Angeles"," CA"
"273","Heal the Bay IPA","American IPA",0.068,65,16,"Golden Road Brewing","Los Angeles"," CA"
"274","Burning Bush Smoked IPA","American IPA",0.08,70,16,"Golden Road Brewing","Los Angeles"," CA"
"275","Point the Way IPA (2012)","American IPA",0.059,60,16,"Golden Road Brewing","Los Angeles"," CA"
"276","Wolf Among Weeds IPA (2012)","American IPA",0.08,70,16,"Golden Road Brewing","Los Angeles"," CA"
"277","Wolf Among Weeds IPA","American IPA",0.08,70,16,"Golden Road Brewing","Los Angeles"," CA"
"278","Point the Way IPA","American IPA",0.059,60,16,"Golden Road Brewing","Los Angeles"," CA"
"279","Dammit Jim!","American Amber",0.052,50,12,"New Republic Brewing Company","College Station"," TX"
"280","Infamous IPA","American IPA",0.07,75,12,"Infamous Brewing Company","Austin"," TX"
"281","Tropicalia","American IPA",0.065,65,12,"Creature Comforts","Athens"," GA"
"282","Pursuit","American IPA",0.07,40,12,"Half Full Brewery","Stamford"," CT"
"283","Barrio Blanco","American IPA",0.06,60,12,"Barrio Brewing Company","Tucson"," AZ"
"284","Giant DIPA","American Double",0.089,88,16,"Santa Cruz Mountain Brewing","Santa Cruz"," CA"
"285","Batch 69 IPA","American IPA",0.069,69,12,"Frankenmuth Brewery","Frankenmuth"," MI"
"286","Fascist Pig Ale","American Amber",0.08,72,16,"Finch's Beer Company","Chicago"," IL"
"287","Texas Pale Ale (TPA)","American IPA",0.055,40,16,"South Austin Brewery","South Austin"," TX"
"288","Sky-Five","American IPA",0.067,70,12,"Bauhaus Brew Labs","Minneapolis"," MN"
"289","Modus Hoperandi","American IPA",0.068,65,12,"Ska Brewing Company","Durango"," CO"
"290","Modus Hoperandi","American IPA",0.068,65,12,"Ska Brewing Company","Durango"," CO"
"291","Farmer's Tan Red Ale","American Amber",0.06,30,12,"Tractor Brewing Company","Albuquerque"," NM"
"292","Almanac IPA","American IPA",0.062,72,12,"Tractor Brewing Company","Albuquerque"," NM"
"293","Cape Cod Red","American Amber",0.055,35,16,"Cape Cod Beer","Hyannis"," MA"
"294","Long Trail Ale","American Amber",0.046,30,12,"Long Trail Brewing Company","Bridgewater Corners"," VT"
"295","Heady Topper","American Double",0.08,120,16,"The Alchemist","Waterbury"," VT"
"296","Heady Topper","American Double",0.08,120,16,"The Alchemist","Waterbury"," VT"
"297","40 Mile IPA","American IPA",0.06,50,12,"Three Notch'd Brewing Company","Charlottesville"," VA"
"298","Let It Ride IPA","American IPA",0.068,90,12,"Indeed Brewing Company","Minneapolis"," MN"
"299","Hill 88 Double IPA","American Double",0.088,77,16,"Headlands Brewing Company","Mill Valley"," CA"
"300","Longhop IPA","American IPA",0.042,30,16,"Bolero Snort Brewery","Ridgefield Park"," NJ"
"301","Thrasher Session India Pale Ale","American IPA",0.045,44,12,"Defiance Brewing Company","Hays"," KS"
"302","Louie's Demise Amber Ale","American Amber",0.051,24,16,"Milwaukee Brewing Company","Milwaukee"," WI"
"303","Hop Freak","American Double",0.087,80,16,"Milwaukee Brewing Company","Milwaukee"," WI"
"304","Louie’s Demise Immort-Ale (2010)","American Amber",0.051,24,16,"Milwaukee Brewing Company","Milwaukee"," WI"
"305","Hop Happy","American IPA",0.075,51,16,"Milwaukee Brewing Company","Milwaukee"," WI"
"306","El Chingon IPA","American IPA",0.076,73,12,"Four Corners Brewing Company","Dallas"," TX"
"307","Saint Archer IPA","American IPA",0.068,66,12,"Saint Archer Brewery","San Diego"," CA"
"308","Supergoose IPA","American IPA",0.069,67,12,"Hale's Ales","Seattle"," WA"
"309","IPA & a Half","American IPA",0.073,87,12,"Tommyknocker Brewery","Idaho Springs"," CO"
"310","Amber Road","American Amber",0.055,35,12,"Baxter Brewing Company","Lewiston"," ME"
"311","Stowaway IPA","American IPA",0.069,69,12,"Baxter Brewing Company","Lewiston"," ME"
"312","Colorado Red Ale","American Amber",0.066,44,12,"Black Shirt Brewing Company","Denver"," CO"
"313","Wachusett IPA","American IPA",0.056,50,12,"Wachusett Brewing Company","Westminster"," MA"
"314","Green Monsta IPA","American IPA",0.06,55,12,"Wachusett Brewing Company","Westminster"," MA"
"315","Larry Imperial IPA","American Double",0.085,85,12,"Wachusett Brewing Company","Westminster"," MA"
"316","Wachusett Light IPA (2013)","American IPA",0.04,37,12,"Wachusett Brewing Company","Westminster"," MA"
"317","Green Monsta IPA","American IPA",0.06,55,12,"Wachusett Brewing Company","Westminster"," MA"
"318","Wachusett Light IPA","American IPA",0.04,37,12,"Wachusett Brewing Company","Westminster"," MA"
"319","Hop Farm IPA","American IPA",0.058,45,12,"Hop Farm Brewing Company","Pittsburgh"," PA"
"320","American Hero","American Amber",0.057,42,12,"Liquid Hero Brewery","York"," PA"
"321","Irregardless IPA","American IPA",0.065,75,12,"Liquid Hero Brewery","York"," PA"
"322","Our Legacy IPA","American IPA",0.065,60,12,"Matt Brewing Company","Utica"," NY"
"323","Our Legacy IPA","American IPA",0.065,60,16,"Matt Brewing Company","Utica"," NY"
"324","Rebel IPA","American IPA",0.065,45,16,"Boston Beer Company","Boston"," MA"
"325","Squatters Hop Rising Double IPA (2014)","American Double",0.09,75,12,"Utah Brewers Cooperative","Salt Lake City"," UT"
"326","Squatters Hop Rising Double IPA","American Double",0.09,75,12,"Utah Brewers Cooperative","Salt Lake City"," UT"
"327","Quarter Mile Double IPA","American Double",0.08,80,12,"Blue Hills Brewery","Canton"," MA"
"328","Hoptopus Double IPA","American Double",0.088,108,16,"Beach Brewing Company","Virginia Beach"," VA"
"329","Outlaw IPA","American IPA",0.062,65,12,"Payette Brewing Company","Garden City"," ID"
"330","Last Stop IPA","American IPA",0.072,60,12,"Brew Bus Brewing","Tampa"," FL"
"331","Dagger Falls IPA","American IPA",0.063,100,12,"Sockeye Brewing Company","Boise"," ID"
"332","Dagger Falls IPA","American IPA",0.063,100,12,"Sockeye Brewing Company","Boise"," ID"
"333","Dagger Falls IPA","American IPA",0.063,100,12,"Sockeye Brewing Company","Boise"," ID"
"334","Filthy Hoppin' IPA","American IPA",0.065,72,16,"Dirty Bucket Brewing Company","Woodinville"," WA"
"335","Iron Butt Red Ale","American Amber",0.058,39,12,"Slanted Rock Brewing Company","Meridian"," ID"
"336","Initial Point India Pale Ale","American IPA",0.071,92,12,"Slanted Rock Brewing Company","Meridian"," ID"
"337","McKinney Eddy Amber Ale","American Amber",0.055,20,16,"Piney River Brewing Company","Bucryus"," MO"
"338","Missouri Mule India Pale Ale","American IPA",0.07,70,16,"Piney River Brewing Company","Bucryus"," MO"
"339","Banner American Ale","American Amber",0.035,45,12,"Banner Beer Company","Williamsburg"," MA"
"340","Jacaranada Rye IPA","American IPA",0.067,60,16,"Claremont Craft Ales","Claremont"," CA"
"341","Lil SIPA","American IPA",0.05,55,16,"Rivertown Brewing Company","Lockland"," OH"
"342","Good Vibes IPA","American IPA",0.073,85,12,"Voodoo Brewery","Meadville"," PA"
"343","GreyBeard™ IPA","American IPA",0.069,51,12,"Pisgah Brewing Company","Black Mountain"," NC"
"344","Just IPA","American IPA",0.046,45,12,"The Just Beer Project","Burlington"," VT"
"345","Dead Armadillo Amber Ale","American Amber",0.063,37,12,"Dead Armadillo Craft Brewing","Tulsa"," OK"
"346","Elevated IPA","American IPA",0.072,100,16,"La Cumbre Brewing Company","Albuquerque"," NM"
"347","Wood Chipper India Pale Ale","American IPA",0.067,70,12,"Fargo Brewing Company","Fargo"," ND"
"348","Big Sky IPA (2012)","American IPA",0.062,65,12,"Big Sky Brewing Company","Missoula"," MT"
"349","Big Sky IPA","American IPA",0.062,65,12,"Big Sky Brewing Company","Missoula"," MT"
"350","Nebraska India Pale Ale","American IPA",0.065,65,12,"Nebraska Brewing Company","Papillion"," NE"
"351","Be Hoppy IPA","American IPA",0.065,69,16,"Wormtown Brewery","Worcester"," MA"
"352","Category 3 IPA","American IPA",0.061,64,12,"Due South Brewing Company","Boynton Beach"," FL"
"353","KelSo India Pale Ale","American IPA",0.06,64,12,"KelSo Beer Company","Brooklyn"," NY"
"354","The Great Return","American IPA",0.075,70,16,"Hardywood Park Craft Brewery","Richmond"," VA"
"355","Troopers Alley IPA","American IPA",0.059,135,12,"Wolf Hills Brewing Company","Abingdon"," VA"
"356","Duluchan India Pale Ale","American IPA",0.056,70,12,"Lavery Brewing Company","Erie"," PA"
"357","Madra Allta","American IPA",0.064,95,12,"Lavery Brewing Company","Erie"," PA"
"358","Manzanita IPA","American IPA",0.08,88,12,"Manzanita Brewing Company","Santee"," CA"
"359","Chaotic Double IPA","American Double",0.099,93,12,"Manzanita Brewing Company","Santee"," CA"
"360","Lucky Day IPA","American IPA",0.072,85,16,"Central Coast Brewing Company","San Luis Obispo"," CA"
"361","Terrace Hill Double IPA","American Double",0.095,99,16,"Central Coast Brewing Company","San Luis Obispo"," CA"
"362","Charlie in the Rye","American IPA",0.058,55,12,"Westfield River Brewing Company","Westfield"," MA"
"363","Elephant Rock IPA","American IPA",0.07,75,12,"Pikes Peak Brewing Company","Monument"," CO"
"364","Dreamin' Double IPA","American Double",0.085,85,12,"Manayunk Brewing Company","Philadelphia"," PA"
"365","Hop Drop 'N Roll IPA","American IPA",0.072,80,16,"NoDa Brewing Company","Charlotte"," NC"
"366","Hot Rod Red","American Amber",0.061,41,12,"Aviator Brewing Company","Fuquay-Varina"," NC"
"367","Hop Slayer Double IPA","American Double",0.082,100,12,"Wild Onion Brewing Company","Lake Barrington"," IL"
"368","Hop Slayer Double IPA (2011)","American Double",0.082,100,12,"Wild Onion Brewing Company","Lake Barrington"," IL"
"369","Hop Slayer Double IPA (2011)","American Double",0.082,100,12,"Wild Onion Brewing Company","Lake Barrington"," IL"
"370","Hilliard's Amber Ale","American Amber",0.055,60,16,"Hilliard's Beer","Seattle"," WA"
"371","40th Annual Bix Street Fest Copper Ale (Current)","American Amber",0.048,25,16,"Great River Brewery","Davenport"," IA"
"372","Big Cock IPA","American IPA",0.07,70,16,"Great River Brewery","Davenport"," IA"
"373","Hop Crisis","American Double",0.097,94,12,"21st Amendment Brewery","San Francisco"," CA"
"374","Brew Free! or Die IPA","American IPA",0.07,65,12,"21st Amendment Brewery","San Francisco"," CA"
"375","Brew Free! or Die IPA (2008)","American IPA",0.07,70,12,"21st Amendment Brewery","San Francisco"," CA"
"376","21st Amendment IPA (2006)","American IPA",0.07,70,12,"21st Amendment Brewery","San Francisco"," CA"
"377","Brew Free! or Die IPA (2009)","American IPA",0.07,70,12,"21st Amendment Brewery","San Francisco"," CA"
"378","Crank Yanker IPA (2011)","American IPA",0.078,74,16,"Eddyline Brewery & Restaurant","Buena Vista"," CO"
"379","Crank Yanker IPA","American IPA",0.078,74,16,"Eddyline Brewery & Restaurant","Buena Vista"," CO"
"380","113 IPA","American IPA",0.07,113,12,"Sly Fox Brewing Company","Pottstown"," PA"
"381","Odyssey Imperial IPA","American Double",0.084,90,12,"Sly Fox Brewing Company","Pottstown"," PA"
"382","Bitter Bitch Imperial IPA","American Double",0.082,138,12,"Astoria Brewing Company","Astoria"," OR"
"383","Old Red Beard Amber Ale","American Amber",0.06,35,12,"Astoria Brewing Company","Astoria"," OR"
"384","Flyin' HI.P.Hay","American IPA",0.068,68,12,"Maui Brewing Company","Lahaina"," HI"
"385","Big Swell IPA","American IPA",0.062,65,12,"Maui Brewing Company","Lahaina"," HI"
"386","Sobrehumano Palena'ole","American Amber",0.06,24,12,"Maui Brewing Company","Lahaina"," HI"
"387","RoughTail IPA","American IPA",0.07,80,16,"RoughTail Brewing Company","Midwest City"," OK"
"388","Northern Lights India Pale Ale","American IPA",0.065,52,16,"Starr Hill Brewery","Crozet"," VA"
"389","Northern Lights India Pale Ale","American IPA",0.065,52,12,"Starr Hill Brewery","Crozet"," VA"
"390","Westbrook IPA","American IPA",0.068,65,12,"Westbrook Brewing Company","Mt. Pleasant"," SC"
"391","Monkey Fist IPA","American IPA",0.069,65,12,"Shipyard Brewing Company","Portland"," ME"
"392","Old Grogham Imperial India Pale Ale (2012)","American Double",0.085,86,16,"Natian Brewery","Portland"," OR"
"393","Old Grogham Imperial India Pale Ale","American Double",0.085,86,16,"Natian Brewery","Portland"," OR"
"394","G'KNIGHT","American Double",0.087,85,12,"Oskar Blues Brewery (North Carol...","Brevard"," NC"
"395","Deviant Dale's IPA","American Double",0.08,85,16,"Oskar Blues Brewery (North Carol...","Brevard"," NC"
"396","Avalanche Ale","American Amber",0.054,19,12,"Breckenridge Brewery","Denver"," CO"
"397","Lucky U IPA","American IPA",0.062,68,12,"Breckenridge Brewery","Denver"," CO"
"398","Miami Vice IPA","American IPA",0.071,62,12,"Miami Brewing Company","Miami"," FL"
"399","1881 California Red Ale","American Amber",0.056,35,16,"Ruhstaller Beer Company","Sacramento"," CA"
"400","1881 California Red","American Amber",0.056,35,12,"Ruhstaller Beer Company","Sacramento"," CA"
"401","Ruhstaller's Gilt Edge Lager Beer","American Amber",0.048,42,12,"Ruhstaller Beer Company","Sacramento"," CA"
"402","Desolation IPA","American IPA",0.062,43,16,"Amnesia Brewing Company","Washougal"," WA"
"403","Moirai India Pale Ale","American IPA",0.07,70,16,"Fate Brewing Company","Boulder"," CO"
"404","Gandhi-Bot Double IPA (16 oz.) (2010)","American Double",0.088,85,16,"New England Brewing Company","Woodbridge"," CT"
"405","Gandhi-Bot Double IPA (12 oz.)","American Double",0.088,85,12,"New England Brewing Company","Woodbridge"," CT"
"406","Monkeynaut IPA","American IPA",0.072,70,12,"Straight to Ale","Huntsville"," AL"
"407","Habitus IPA","American IPA",0.08,86,16,"Hess Brewing Company","San Diego"," CA"
"408","Schlafly IPA","American IPA",0.045,30,12,"Schlafly Brewing Company","Saint Louis"," MO"
"409","Green Bullet Organic India Pale Ale","American IPA",0.07,45,16,"Asher Brewing Company","Boulder"," CO"
"410","Face Plant IPA","American IPA",0.062,65,12,"Lost Rhino Brewing Company","Ashburn"," VA"
"411","Blur India Pale Ale","American IPA",0.074,60,12,"Seabright Brewery","Santa Cruz"," CA"
"412","Nice Rack IPA","American IPA",0.055,65,16,"Southern Oregon Brewing Company","Medford"," OR"
"413","Longboard Island Lager","American Amber",0.046,18,16,"Kona Brewing Company","Kona"," HI"
"414","Longboard Island Lager","American Amber",0.046,18,12,"Kona Brewing Company","Kona"," HI"
"415","Longboard Island Lager","American Amber",0.046,18,12,"Kona Brewing Company","Kona"," HI"
"416","Longboard Island Lager","American Amber",0.046,18,24,"Kona Brewing Company","Kona"," HI"
"417","5 Day IPA","American IPA",0.061,66,12,"O'Fallon Brewery","O'Fallon"," MO"
"418","Bark Bite IPA","American IPA",0.066,50,16,"Big Wood Brewery","Vadnais Heights"," MN"
"419","Bad Axe Imperial IPA","American Double",0.098,76,16,"Big Wood Brewery","Vadnais Heights"," MN"
"420","Big Nose","American IPA",0.073,50,12,"Swamp Head Brewery","Gainesville"," FL"
"421","TailGate IPA","American IPA",0.05,44,24,"TailGate Beer","San Diego"," CA"
"422","Dodgy Knight Imperial IPA","American Double",0.08,95,12,"TailGate Beer","San Diego"," CA"
"423","TailGate IPA","American IPA",0.05,44,12,"TailGate Beer","San Diego"," CA"
"424","Twister Creek India Pale Ale","American IPA",0.065,71,12,"Denali Brewing Company","Talkeetna"," AK"
"425","Indian Paintbrush IPA","American IPA",0.07,75,12,"The Black Tooth Brewing Company","Sheridan"," WY"
"426","Bomber Mountain Amber Ale (2013)","American Amber",0.046,20,12,"The Black Tooth Brewing Company","Sheridan"," WY"
"427","Interurban IPA","American IPA",0.065,80,12,"Fremont Brewing Company","Seattle"," WA"
"428","Colorado Native","American Amber",0.055,26,12,"AC Golden Brewing Company","Golden"," CO"
"429","Colorado Native (2011)","American Amber",0.055,26,12,"AC Golden Brewing Company","Golden"," CO"
"430","Descender IPA","American IPA",0.07,70,12,"Good Life Brewing Company","Bend"," OR"
"431","South Ridge Amber Ale","American Amber",0.06,31,16,"Crystal Springs Brewing Company","Boulder"," CO"
"432","Gangway IPA","American IPA",0.062,55,12,"Red Hare Brewing Company","Marietta"," GA"
"433","Good People IPA","American IPA",0.06,64,12,"Good People Brewing Company","Birmingham"," AL"
"434","Snake Handler Double IPA","American Double",0.093,103,12,"Good People Brewing Company","Birmingham"," AL"
"435","Loose Cannon","American IPA",0.072,45,12,"Heavy Seas Beer","Halethorpe"," MD"
"436","Rude Parrot IPA","American IPA",0.059,75,16,"7 Seas Brewing Company","Gig Harbor"," WA"
"437","Ballz Deep Double IPA","American Double",0.084,82,16,"7 Seas Brewing Company","Gig Harbor"," WA"
"438","Des Moines IPA","American IPA",0.068,75,16,"Confluence Brewing Company","Des Moines"," IA"
"439","Topcutter India Pale Ale","American IPA",0.068,70,12,"Bale Breaker Brewing Company","Yakima"," WA"
"440","Mac's Scottish Style Amber Ale (2000)","American Amber",0.051,32,12,"MacTarnahans Brewing Company","Portland"," OR"
"441","Wisco Disco","American Amber",0.051,31,16,"Stillmank Beer Company","Green Bay"," WI"
"442","Long Hammer IPA","American IPA",0.065,44,12,"Redhook Brewery","Woodinville"," WA"
"443","Long Hammer IPA","American IPA",0.065,44,16,"Redhook Brewery","Woodinville"," WA"
"444","Copper Hook (2011)","American Amber",0.058,27,12,"Redhook Brewery","Woodinville"," WA"
"445","Old Elephant Foot IPA","American IPA",0.07,80,16,"Tampa Bay Brewing Company","Tampa"," FL"
"446","California Sunshine Rye IPA","American IPA",0.071,85,16,"Devil's Canyon Brewery","Belmont"," CA"
"447","Deadicated Amber","American Amber",0.054,27,16,"Devil's Canyon Brewery","Belmont"," CA"
"448","Northern Lights Amber Ale","American Amber",0.05,15,12,"Broken Tooth Brewing Company","Anchorage"," AK"
"449","Fairweather IPA","American IPA",0.061,64,12,"Broken Tooth Brewing Company","Anchorage"," AK"
"450","Frankenlou's IPA","American IPA",0.07,105,16,"Seven Brides Brewery","Silverton"," OR"
"451","Hop Abomination","American IPA",0.066,100,12,"Dry Dock Brewing Company","Aurora"," CO"
"452","Dry Dock Amber Ale","American Amber",0.058,49,12,"Dry Dock Brewing Company","Aurora"," CO"
"453","Gordon (2005)","American Double",0.092,85,12,"Oskar Blues Brewery","Lyons"," CO"
"454","Gordon Beer (2006)","American Double",0.087,60,12,"Oskar Blues Brewery","Lyons"," CO"
"455","Ace IPA","American IPA",0.074,83,16,"Wingman Brewers","Tacoma"," WA"
"456","Double Haul IPA (2006)","American IPA",0.065,65,16,"Kettle House Brewing Company","Missoula"," MT"
"457","Double Haul IPA (2009)","American IPA",0.065,65,16,"Kettle House Brewing Company","Missoula"," MT"
"458","Double Haul IPA","American IPA",0.065,65,16,"Kettle House Brewing Company","Missoula"," MT"
"459","Dottie Seattle Lager","American Amber",0.049,25,16,"Emerald City Beer Company","Seattle"," WA"
"460","House Brand IPA","American IPA",0.06,55,12,"Big River Brewing Company","Chattanooga"," TN"
"461","Hoppy Boy","American IPA",0.062,65,16,"Twisted Pine Brewing Company","Boulder"," CO"
"462","Snake Dog IPA","American IPA",0.071,60,12,"Flying Dog Brewery","Frederick"," MD"
"463","Independence Pass Ale","American IPA",0.07,67,12,"Aspen Brewing Company","Aspen"," CO"
"464","I-10 IPA","American IPA",0.068,55,12,"Intuition Ale Works","Jacksonville"," FL"
"465","Shiva IPA","American IPA",0.06,69,12,"Asheville Brewing Company","Asheville"," NC"
"466","Tule Duck Red Ale (Current)","American Amber",0.062,42,16,"Buckbean Brewing Company","Reno"," NV"
"467","Abita Amber","American Amber",0.045,17,12,"Abita Brewing Company","Abita Springs"," LA"
"468","Jockamo IPA","American IPA",0.065,52,12,"Abita Brewing Company","Abita Springs"," LA"
"469","Upstate I.P.W.","American IPA",0.065,70,12,"Upstate Brewing Company","Elmira"," NY"
